<?xml version="1.0" encoding="UTF-8"?>
<project-private xmlns="http://www.netbeans.org/ns/project-private/1">
    <editor-bookmarks xmlns="http://www.netbeans.org/ns/editor-bookmarks/2" lastBookmarkId="0"/>
    <open-files xmlns="http://www.netbeans.org/ns/projectui-open-files/2">
        <group>
            <file>file:/C:/Users/Mike/Documents/NetBeansProjects/Checkers/Checkers/src/checkers/checkersui.css</file>
            <file>file:/C:/Users/Mike/Documents/NetBeansProjects/Checkers/Checkers/src/checkers/CheckersUIController.java</file>
            <file>file:/C:/Users/Mike/Documents/NetBeansProjects/Checkers/Checkers/src/checkers/Checkers.java</file>
            <file>file:/C:/Users/Mike/Documents/NetBeansProjects/Checkers/Checkers/src/checkers/CheckerBoard.java</file>
        </group>
    </open-files>
</project-private>
